22,114,17,158,142,116,48,32,25,202,6,68,244,142,22,67,103,11,132,209,153,239,242,56,34,62,80,44,117,184,27,30,23,73,59,111,15,72,117,118,98,81,169,181,129,17,138,16,100,6
88,56,44,239,98,245,220,122,149,120,93,185,251,233,65,72,36,35,48,222,241,190,97,42,157,166,138,140,12,26,2,66,151,209,121,124,183,237,88,103,62,43,17,229,11,127,96,222,27,6
6,129,89,115,203,210,112,85,230,69,169,139,147,170,78,41,193,117,128,90,159,186,141,91,53,150,71,147,221,55,8,123,158,240,49,122,2,234,93,224,85,53,73,120,163,132,126,135,244,6
77,15,115,154,152,207,72,18,173,179,150,174,14,248,16,24,107,180,43,197,17,78,232,161,179,76,43,54,2,117,143,29,126,206,83,90,211,142,104,9,237,138,61,133,87,8,78,26,149,3
131,45,164,199,192,66,194,193,75,90,52,172,68,67,252,154,17,29,136,208,250,145,92,36,67,17,172,52,192,0,149,251,111,156,247,208,193,8,115,145,44,239,144,98,9,44,6,236,32,4
123,197,96,90,58,203,118,77,189,26,215,101,102,79,54,138,246,192,77,63,233,10,31,157,229,145,223,43,215,80,130,124,165,19,190,66,228,109,141,251,36,43,213,152,138,111,45,147,70,4
220,191,168,108,127,41,216,18,117,87,204,136,125,9,60,210,37,95,68,158,230,85,138,102,12,109,31,143,235,157,143,181,223,67,33,202,188,169,36,31,25,191,47,63,87,67,178,77,221,3
178,128,190,206,108,250,90,126,225,13,232,197,177,129,139,77,242,50,238,131,38,78,158,244,238,206,42,33,112,4,88,4,111,128,27,183,73,33,17,4,203,236,77,29,104,158,113,226,192,2
45,99,171,205,133,15,104,193,48,166,131,78,134,207,202,232,60,1,3,240,240,188,58,158,55,32,174,37,220,179,253,35,5,184,2,16,59,30,220,208,213,229,144,83,115,140,82,182,57,3
86,94,128,163,27,74,239,138,90,178,17,32,65,219,162,181,20,42,236,78,252,66,116,200,248,244,224,143,117,193,181,194,125,64,157,233,155,194,139,82,19,190,31,225,87,1,193,136,195,7
249,219,252,193,78,4,163,229,156,30,129,130,122,85,163,203,180,247,171,126,201,250,30,102,175,41,180,66,149,18,247,85,165,122,120,109,60,152,175,113,37,158,56,189,189,186,128,153,26,2
74,39,69,152,122,97,64,21,58,34,54,238,75,61,192,149,168,43,98,107,142,30,133,133,69,147,214,206,244,67,47,5,9,174,69,165,28,160,143,153,193,219,166,109,180,60,71,2,135,6
140,249,50,143,143,233,52,101,88,134,85,102,205,109,211,105,172,226,166,215,159,207,56,64,163,45,28,67,234,56,229,240,113,81,33,39,28,205,152,54,41,19,56,173,75,235,108,222,154,5
185,133,129,188,230,90,8,112,142,132,120,36,137,177,24,146,65,22,75,169,241,53,70,98,120,95,98,0,234,21,218,76,100,134,135,0,156,156,94,101,70,132,39,62,145,155,130,177,24,3
72,128,80,159,172,152,47,206,60,163,83,17,151,236,214,168,196,6,218,65,165,146,45,24,116,235,206,176,240,128,177,109,250,47,144,121,50,157,9,10,54,158,177,190,218,206,129,119,131,8
77,25,49,94,193,44,33,229,226,93,219,248,228,34,51,219,14,244,242,178,25,237,167,103,151,1,55,75,126,126,221,92,179,21,92,103,188,7,193,118,92,211,89,72,118,8,111,6,91,8
27,159,127,61,146,3,250,42,222,62,10,237,11,38,63,205,121,211,211,189,164,241,48,76,17,107,211,69,131,229,59,88,211,155,45,104,149,59,223,178,209,36,66,113,109,219,19,128,202,4
124,162,138,252,22,241,186,80,98,102,78,204,77,17,2,47,59,178,242,138,114,162,28,55,162,109,156,161,223,251,20,89,173,125,204,207,194,222,249,70,49,229,121,207,253,32,150,229,25,8
127,228,181,195,54,109,6,244,244,183,79,127,198,200,222,250,52,83,225,211,253,199,105,40,65,179,84,222,46,249,216,69,242,16,25,154,18,233,60,72,89,138,54,210,42,247,45,241,124,0
226,250,120,49,70,202,81,198,187,201,226,248,193,206,34,207,50,2,201,35,93,26,149,92,226,154,248,14,253,12,202,64,180,180,247,253,71,148,133,59,80,203,141,160,27,32,112,152,230,2
134,37,246,224,235,191,139,157,162,22,220,234,64,241,173,132,169,172,36,8,205,95,41,187,161,237,200,246,4,206,249,1,67,99,81,102,33,23,214,171,123,80,204,246,130,33,79,31,234,2
191,219,25,162,130,187,203,174,224,213,88,16,167,9,174,85,118,215,80,159,93,21,133,4,190,35,208,239,172,4,172,174,214,252,4,164,115,214,173,33,225,85,134,237,115,24,19,179,200,4
228,237,69,36,87,52,93,127,146,30,151,103,68,80,202,31,231,27,154,92,153,81,237,43,94,117,244,97,228,177,120,29,172,174,242,207,210,84,181,9,26,227,190,85,98,117,127,186,138,3
67,171,155,132,87,12,237,228,165,160,158,222,14,194,219,62,94,235,53,64,207,27,236,53,202,129,245,71,138,186,84,239,240,160,98,229,111,172,206,143,104,138,29,46,26,114,194,246,44,4
10,174,52,232,37,130,170,5,228,251,151,251,40,181,151,43,145,235,87,135,109,113,9,138,4,63,242,17,216,221,82,15,183,151,115,221,209,114,37,3,103,237,231,117,158,136,117,69,233,1
137,182,16,177,137,60,43,63,40,198,6,137,181,199,16,36,79,66,88,210,30,209,207,139,252,138,253,10,118,82,214,183,104,31,160,210,190,193,3,222,238,201,208,225,168,81,176,247,183,6
28,141,190,134,111,86,175,10,241,223,222,151,38,43,236,167,72,106,184,233,92,9,92,184,124,225,76,2,2,122,95,65,39,234,39,112,203,58,227,64,12,185,127,201,200,17,145,171,104,4
249,128,25,143,193,241,82,38,227,4,112,158,56,23,224,224,47,142,248,178,70,243,151,152,15,50,137,53,79,140,120,248,102,216,37,82,202,176,106,190,38,67,225,84,156,60,134,54,79,7
75,81,34,120,63,119,54,175,231,143,19,14,42,213,171,208,235,22,215,143,18,85,106,110,173,197,202,251,235,187,77,173,84,139,212,129,149,130,136,85,103,76,35,94,92,7,15,15,15,5
69,99,115,162,200,230,88,247,0,14,139,81,228,131,158,151,143,22,183,74,151,92,223,69,6,86,19,165,162,179,41,170,68,170,180,98,209,216,156,200,208,133,17,88,59,9,100,218,208,3
54,6,193,146,195,139,128,107,91,162,225,17,104,63,27,130,145,104,46,125,101,222,185,227,25,193,240,91,42,43,17,41,30,62,124,248,216,7,128,246,65,145,138,123,120,145,25,29,70,2
44,7,216,171,210,58,82,249,241,35,64,23,134,60,117,197,120,64,201,122,250,161,163,34,187,192,247,245,218,56,52,5,48,6,205,62,30,242,132,193,203,42,173,142,11,10,178,31,230,0
4,133,91,49,205,134,203,229,195,53,65,241,182,127,60,7,110,32,156,199,177,87,110,36,112,20,182,138,75,70,61,83,181,99,39,146,164,169,195,66,102,21,97,23,9,232,75,123,102,3
77,181,220,177,5,89,36,218,65,235,171,58,9,14,189,122,146,20,17,0,46,39,73,0,48,15,191,33,0,0,80,141,19,64,66,54,95,206,132,44,19,207,45,7,184,90,88,251,54,1
77,54,212,51,133,166,97,83,153,80,38,112,172,118,222,140,104,154,174,47,139,180,161,113,126,169,154,236,118,10,96,230,107,231,136,173,58,129,107,86,18,154,18,227,133,165,209,16,168,0
68,127,60,229,230,118,232,166,49,33,70,3,135,228,139,165,144,78,110,92,217,122,3,230,58,116,74,38,42,36,74,135,70,129,104,245,26,146,47,156,9,223,175,54,229,169,117,60,158,7
43,125,226,193,5,104,181,88,108,201,165,165,195,84,200,18,252,87,204,46,238,84,225,39,223,172,198,211,195,115,75,37,122,2,40,56,243,238,97,30,12,242,214,72,63,44,177,72,191,1
54,163,52,167,169,79,5,104,89,1,121,147,103,233,47,161,1,178,72,243,159,241,211,240,12,239,71,181,193,188,196,33,77,189,183,50,175,151,56,175,73,87,165,154,135,1,138,3,92,5
176,93,5,22,174,159,10,113,38,158,40,57,251,0,75,88,150,215,200,131,144,25,68,86,133,118,5,189,209,165,205,160,212,216,75,69,89,97,80,19,234,158,203,16,58,156,42,114,192,8
3,192,71,129,97,140,186,84,233,157,64,34,11,174,218,82,75,145,51,172,26,196,156,126,118,238,36,136,69,238,20,130,171,239,152,112,163,22,192,184,92,181,33,177,152,209,76,82,64,0
182,104,130,202,73,141,183,243,182,176,152,191,220,191,169,182,166,172,23,48,227,104,62,117,43,58,209,24,98,229,26,137,76,154,157,166,169,240,180,158,156,131,100,85,224,240,250,64,5,6
219,71,178,158,227,185,132,211,205,239,233,64,11,13,67,167,183,12,6,126,120,151,90,7,206,198,4,156,195,252,249,24,19,74,146,219,66,44,237,233,75,16,62,156,216,110,46,238,75,8
248,101,188,122,33,23,127,9,144,229,67,204,226,38,109,224,64,150,209,42,22,33,103,79,237,201,90,43,32,148,124,108,81,220,64,215,166,110,95,77,135,14,106,52,49,43,91,25,99,4
237,43,54,164,28,176,124,129,109,18,198,190,247,71,149,196,99,67,171,76,13,20,182,43,39,112,61,104,72,193,189,249,63,250,57,95,241,191,75,166,191,3,154,33,55,139,91,186,126,3
59,110,12,6,18,203,37,48,130,238,246,192,184,160,18,107,245,50,137,132,145,202,186,205,185,89,56,152,156,15,223,53,236,192,225,186,34,170,236,33,128,107,251,218,185,217,165,26,154,0
237,218,171,151,245,15,239,12,17,86,148,132,36,7,233,104,237,93,205,219,52,207,60,156,149,211,96,39,130,132,36,174,145,237,0,168,115,100,38,119,11,134,225,86,115,45,105,177,236,6
97,108,115,211,96,17,61,90,32,84,92,195,184,150,202,157,196,162,65,111,233,133,132,130,252,27,164,135,23,42,112,109,202,87,41,59,223,98,47,182,18,248,190,155,43,61,171,176,129,5
170,11,244,57,164,5,106,221,106,175,239,167,171,185,53,105,150,214,166,206,52,58,42,150,126,109,61,127,246,139,45,25,156,64,47,24,143,174,251,166,39,139,45,219,7,148,8,168,108,1
81,22,32,71,237,173,2,29,14,128,10,15,27,88,170,230,48,10,190,178,59,26,61,181,56,101,232,9,74,154,238,82,147,83,80,169,237,151,233,150,110,97,205,13,71,114,52,59,251,7
213,172,73,143,25,81,91,127,76,252,158,90,74,232,169,57,228,44,64,204,28,48,68,165,166,208,211,216,62,167,3,172,115,7,10,104,70,132,138,78,69,162,46,162,182,131,237,24,164,4
68,134,112,176,14,55,161,129,122,173,176,139,92,224,19,203,76,160,49,117,32,187,57,177,151,8,224,178,221,206,179,160,12,189,92,50,59,62,42,122,160,235,160,212,106,179,24,40,221,0
241,213,86,116,99,109,84,129,161,176,135,24,67,241,251,216,20,232,162,50,28,16,235,97,47,96,223,166,146,24,117,96,171,19,123,103,100,241,236,236,183,48,42,3,220,97,51,1,60,4
63,130,125,197,97,216,117,148,64,242,205,218,191,164,105,35,191,169,47,2,108,73,243,229,108,4,50,70,221,79,90,128,126,183,191,18,179,225,202,46,63,121,165,91,7,139,61,141,217,5
180,177,107,24,51,26,19,44,133,101,110,58,148,43,242,28,201,245,72,198,14,209,150,19,191,33,65,232,234,83,248,194,156,193,200,24,109,125,196,139,112,49,109,89,245,46,234,122,35,0
204,130,207,90,137,103,52,253,235,24,101,67,108,64,18,113,179,162,14,222,245,111,27,94,189,205,118,118,181,92,175,54,155,112,71,242,183,235,127,133,171,15,3,177,181,148,209,123,149,0
127,73,33,77,200,234,132,50,202,69,88,151,15,11,30,52,223,171,219,155,36,84,19,32,70,199,239,224,6,222,35,55,14,15,73,217,91,157,55,38,136,224,29,129,193,83,243,251,75,2
235,126,233,161,85,148,35,63,45,198,204,216,71,97,94,81,1,197,146,252,97,54,195,48,138,42,58,38,141,177,9,72,100,143,2,149,19,184,82,150,34,50,105,112,117,103,175,187,70,2
114,97,197,60,196,37,72,174,94,215,51,141,0,253,204,150,44,140,203,174,231,77,179,134,136,93,168,47,57,33,228,216,98,175,114,166,14,157,235,83,177,47,194,1,174,127,208,145,166,4
22,190,246,22,149,159,95,167,224,23,238,89,67,157,78,165,237,40,21,191,55,225,86,201,70,141,237,62,171,94,37,50,216,181,39,86,3,172,116,187,54,105,11,11,204,249,164,62,140,5
65,83,22,88,207,224,179,78,149,48,13,124,83,45,245,4,171,124,203,129,8,30,114,72,144,77,125,21,178,176,31,50,235,19,4,156,18,40,111,112,132,55,250,33,109,126,63,192,160,5
179,175,244,110,25,191,189,175,80,152,90,78,3,134,12,104,233,14,71,41,20,20,149,131,147,249,174,212,2,251,240,219,108,50,221,193,94,56,185,212,122,219,217,156,216,251,61,89,153,7
115,182,32,76,69,7,46,13,8,90,128,216,199,107,89,37,87,245,234,218,99,226,69,169,177,117,137,107,134,225,243,62,37,170,98,44,108,29,137,223,58,170,2,171,143,245,57,67,97,1
58,40,66,62,73,154,179,77,50,241,94,195,21,235,78,88,43,210,49,226,221,42,176,1,150,199,137,203,106,98,27,160,89,8,49,189,33,214,189,137,216,139,89,226,231,205,164,171,185,0
181,67,1,113,205,96,44,18,236,50,249,191,133,235,200,28,27,79,246,26,77,46,202,10,27,13,218,155,230,210,172,62,59,127,238,215,167,240,63,20,107,136,67,207,164,166,136,32,109,5
212,227,194,212,174,69,183,12,186,156,20,45,227,106,25,89,205,231,220,185,124,41,27,100,42,175,60,148,163,77,233,40,66,205,128,231,186,158,169,50,76,122,150,149,83,86,163,192,111,8
143,166,177,60,104,224,3,68,234,138,120,164,88,211,134,17,237,170,197,103,137,146,155,16,191,145,55,195,184,56,132,75,104,187,73,130,97,91,13,136,234,197,4,210,184,47,200,55,154,1
182,72,34,220,153,239,121,58,205,251,202,117,136,236,38,62,66,219,73,125,36,37,149,166,63,49,10,69,64,41,126,229,19,186,142,70,39,245,71,61,180,253,94,202,192,225,162,181,158,1
37,252,69,1,218,244,221,185,207,128,140,160,232,13,181,184,249,189,252,149,17,20,59,89,65,239,145,4,48,194,209,21,111,203,63,203,59,160,198,79,76,217,165,6,216,171,182,126,8,0
100,227,203,235,74,10,86,178,94,38,142,197,21,98,85,164,120,158,190,69,35,61,9,238,89,160,216,196,160,249,114,26,160,53,75,168,11,109,84,42,173,105,102,22,123,189,226,185,120,5
205,78,116,107,92,61,9,37,140,80,43,17,231,227,150,173,108,116,83,186,181,75,99,167,67,209,217,87,33,158,147,217,95,102,164,83,58,4,83,41,215,79,215,5,167,252,44,54,247,6
118,76,87,164,6,152,217,43,219,28,157,152,38,109,219,97,212,103,16,124,221,111,38,106,172,147,96,123,248,115,253,89,189,232,34,95,9,192,54,42,58,138,195,89,168,222,135,249,113,5
14,249,5,134,131,252,20,10,205,74,103,214,73,8,30,164,185,217,6,106,76,251,253,168,153,171,205,108,103,173,178,21,35,82,139,124,157,137,215,113,186,144,109,28,233,92,243,106,86,4
11,75,9,204,112,232,58,37,155,197,203,122,201,169,202,163,210,83,144,240,115,195,241,225,131,242,72,114,134,222,150,205,171,211,4,1,21,140,135,172,68,212,103,180,45,163,29,156,241,8
111,106,177,144,242,178,123,47,216,160,63,167,151,246,118,228,191,56,121,193,147,34,244,172,189,95,136,153,189,33,250,223,67,60,136,141,75,252,35,230,172,202,43,21,130,222,2,115,170,8
82,3,236,6,35,94,58,241,207,34,175,36,134,12,49,55,66,188,139,132,42,177,198,62,201,30,115,250,153,84,65,184,150,81,238,28,99,78,145,113,28,188,241,76,143,178,127,114,69,8
59,221,155,251,52,48,140,79,206,179,147,114,194,28,216,6,85,229,63,218,63,243,241,55,208,186,105,60,226,221,153,83,189,167,109,37,235,33,161,142,4,229,147,112,151,50,249,42,198,5
26,2,82,132,196,171,149,213,185,5,43,157,80,0,102,53,145,19,209,35,243,80,51,143,236,71,149,85,127,60,133,246,217,236,38,244,144,17,244,28,109,216,187,11,224,178,3,118,32,6
187,37,121,178,94,136,112,103,139,20,242,132,26,236,3,32,205,200,227,110,42,165,11,126,76,86,131,47,77,76,13,166,84,146,142,33,67,132,197,53,67,5,2,169,11,16,22,173,245,4
14,160,252,152,151,107,198,39,167,222,45,10,171,37,14,130,181,190,215,36,21,92,103,91,169,56,211,28,68,209,100,164,211,165,29,20,82,6,64,251,165,246,99,233,90,56,184,148,195,6
241,202,167,122,92,13,78,37,185,149,180,29,242,137,225,105,130,190,51,16,133,157,164,2,197,205,157,16,19,92,21,131,150,190,220,140,60,64,15,92,199,221,30,108,149,114,157,72,99,5
251,141,36,111,190,20,18,186,205,62,193,122,56,238,104,109,47,81,36,62,128,9,93,152,88,38,14,117,4,21,96,193,78,146,46,37,58,85,193,246,185,137,135,242,196,66,196,117,95,5
189,157,192,236,239,43,45,233,23,2,164,15,239,77,164,95,174,191,27,238,38,131,76,144,128,231,78,25,196,239,107,81,24,75,245,225,153,245,127,244,113,207,53,161,46,146,115,88,169,0
19,32,50,164,220,183,169,106,235,100,103,148,188,158,59,158,111,175,106,114,76,35,201,4,239,59,170,37,100,54,122,133,253,247,243,225,33,17,88,156,24,156,85,241,163,220,241,46,136,4
190,159,163,71,23,183,16,228,21,249,128,125,162,8,67,30,63,211,117,12,30,175,79,152,36,236,104,218,105,217,18,197,50,146,165,49,82,253,251,171,2,101,77,83,248,44,219,0,189,8
4,44,83,170,216,207,61,233,211,49,105,94,118,8,102,58,246,3,116,214,204,169,220,123,253,161,187,53,31,39,4,224,17,142,245,6,44,105,113,94,89,156,185,143,42,154,239,158,131,6
61,74,69,155,60,226,92,35,154,73,236,233,193,58,178,89,9,2,70,214,37,119,168,69,96,201,121,210,17,199,76,94,37,238,88,10,75,186,97,109,127,220,24,96,165,248,81,162,191,6
102,21,251,46,88,45,240,60,43,45,200,234,29,154,183,153,45,114,68,2,209,97,199,86,15,17,27,43,98,223,123,2,102,74,175,21,213,96,211,94,95,205,113,162,181,24,122,11,224,2
110,96,148,139,126,13,97,16,46,32,2,202,98,31,159,244,164,234,87,88,141,88,49,124,131,99,197,188,133,97,200,84,127,65,53,8,116,39,168,55,210,87,213,253,2,20,105,71,94,3
244,7,87,228,171,89,145,192,211,126,71,141,127,214,10,225,19,154,112,8,58,198,241,240,194,80,102,123,72,17,34,224,198,164,218,51,190,71,231,210,37,118,115,116,112,71,100,222,240,3
238,161,81,136,9,102,201,151,102,169,82,110,141,250,73,74,37,107,93,28,201,77,16,171,187,34,92,122,48,168,193,177,85,198,183,241,15,106,152,228,199,165,133,113,131,69,235,55,104,1
78,26,102,149,184,224,190,58,19,111,30,8,209,54,90,181,170,209,141,247,150,155,55,196,51,27,194,111,212,69,209,97,229,90,154,171,196,158,26,141,40,186,65,234,24,213,56,93,28,1
147,206,31,170,10,17,202,104,180,247,228,200,180,85,91,210,210,120,167,107,159,42,50,38,174,30,148,252,182,77,226,8,188,218,202,56,96,146,3,232,253,48,74,105,140,244,19,158,60,5
116,190,213,229,168,79,76,45,10,174,12,107,157,20,17,68,61,127,96,54,95,212,94,47,225,65,128,113,176,33,72,143,4,240,193,193,102,118,18,141,50,66,48,94,166,230,68,8,131,8
200,155,124,171,195,153,133,86,155,249,105,52,103,204,240,39,207,219,168,5,84,160,213,106,151,83,55,24,141,214,103,148,180,176,7,177,82,53,52,27,100,6,50,7,111,203,13,22,68,0
188,132,147,65,122,104,48,47,21,244,110,215,253,196,226,115,161,170,128,223,231,242,46,141,252,21,111,146,121,221,226,206,63,80,246,52,137,236,124,152,224,223,42,241,200,98,246,71,87,2
142,46,60,219,103,54,206,126,96,179,62,216,79,185,201,157,161,44,219,104,161,219,247,22,137,42,101,54,88,15,193,66,14,78,186,143,210,195,105,191,28,109,154,160,61,92,223,138,42,4
135,98,195,97,186,0,9,58,237,80,174,17,150,28,56,246,165,155,36,66,59,79,231,153,182,186,201,29,239,221,60,148,236,246,112,113,49,249,117,170,76,160,8,191,208,38,192,178,252,0
15,84,45,218,170,111,162,52,71,42,132,110,182,153,129,2,182,119,69,220,86,72,58,172,115,26,204,116,241,89,120,241,175,80,49,53,80,59,118,253,169,44,117,222,14,228,253,202,178,7
203,227,234,223,78,97,59,153,175,165,175,85,96,73,175,177,165,83,123,125,5,225,240,135,108,49,6,192,109,211,229,120,29,108,119,88,70,58,59,203,28,140,145,47,1,246,81,108,161,5
197,195,81,97,124,154,62,207,69,183,236,248,41,32,249,220,217,230,119,99,34,185,248,172,170,239,229,244,44,46,15,7,110,173,170,118,174,114,99,42,92,137,4,159,58,75,116,78,21,1
