22.0,114.0,17.0,158.0,142.0,116.0,48.0,32.0,25.0,202.0,6.0,68.0,244.0,142.0,22.0,67.0,103.0,11.0,132.0,209.0,153.0,239.0,242.0,56.0,34.0,62.0,80.0,44.0,117.0,184.0,27.0,30.0,23.0,73.0,59.0,111.0,15.0,72.0,117.0,118.0,98.0,81.0,169.0,181.0,129.0,17.0,138.0,16.0,100.0,6
88.0,56.0,44.0,239.0,98.0,245.0,220.0,122.0,149.0,120.0,93.0,185.0,251.0,233.0,65.0,72.0,36.0,35.0,48.0,222.0,241.0,190.0,97.0,42.0,157.0,166.0,138.0,140.0,12.0,26.0,2.0,66.0,151.0,209.0,121.0,124.0,183.0,237.0,88.0,103.0,62.0,43.0,17.0,229.0,11.0,127.0,96.0,222.0,27.0,6
6.0,129.0,89.0,115.0,203.0,210.0,112.0,85.0,230.0,69.0,169.0,139.0,147.0,170.0,78.0,41.0,193.0,117.0,128.0,90.0,159.0,186.0,141.0,91.0,53.0,150.0,71.0,147.0,221.0,55.0,8.0,123.0,158.0,240.0,49.0,122.0,2.0,234.0,93.0,224.0,85.0,53.0,73.0,120.0,163.0,132.0,126.0,135.0,244.0,6
77.0,15.0,115.0,154.0,152.0,207.0,72.0,18.0,173.0,179.0,150.0,174.0,14.0,248.0,16.0,24.0,107.0,180.0,43.0,197.0,17.0,78.0,232.0,161.0,179.0,76.0,43.0,54.0,2.0,117.0,143.0,29.0,126.0,206.0,83.0,90.0,211.0,142.0,104.0,9.0,237.0,138.0,61.0,133.0,87.0,8.0,78.0,26.0,149.0,3
131.0,45.0,164.0,199.0,192.0,66.0,194.0,193.0,75.0,90.0,52.0,172.0,68.0,67.0,252.0,154.0,17.0,29.0,136.0,208.0,250.0,145.0,92.0,36.0,67.0,17.0,172.0,52.0,192.0,0.0,149.0,251.0,111.0,156.0,247.0,208.0,193.0,8.0,115.0,145.0,44.0,239.0,144.0,98.0,9.0,44.0,6.0,236.0,32.0,4
123.0,197.0,96.0,90.0,58.0,203.0,118.0,77.0,189.0,26.0,215.0,101.0,102.0,79.0,54.0,138.0,246.0,192.0,77.0,63.0,233.0,10.0,31.0,157.0,229.0,145.0,223.0,43.0,215.0,80.0,130.0,124.0,165.0,19.0,190.0,66.0,228.0,109.0,141.0,251.0,36.0,43.0,213.0,152.0,138.0,111.0,45.0,147.0,70.0,4
220.0,191.0,168.0,108.0,127.0,41.0,216.0,18.0,117.0,87.0,204.0,136.0,125.0,9.0,60.0,210.0,37.0,95.0,68.0,158.0,230.0,85.0,138.0,102.0,12.0,109.0,31.0,143.0,235.0,157.0,143.0,181.0,223.0,67.0,33.0,202.0,188.0,169.0,36.0,31.0,25.0,191.0,47.0,63.0,87.0,67.0,178.0,77.0,221.0,3
178.0,128.0,190.0,206.0,108.0,250.0,90.0,126.0,225.0,13.0,232.0,197.0,177.0,129.0,139.0,77.0,242.0,50.0,238.0,131.0,38.0,78.0,158.0,244.0,238.0,206.0,42.0,33.0,112.0,4.0,88.0,4.0,111.0,128.0,27.0,183.0,73.0,33.0,17.0,4.0,203.0,236.0,77.0,29.0,104.0,158.0,113.0,226.0,192.0,2
45.0,99.0,171.0,205.0,133.0,15.0,104.0,193.0,48.0,166.0,131.0,78.0,134.0,207.0,202.0,232.0,60.0,1.0,3.0,240.0,240.0,188.0,58.0,158.0,55.0,32.0,174.0,37.0,220.0,179.0,253.0,35.0,5.0,184.0,2.0,16.0,59.0,30.0,220.0,208.0,213.0,229.0,144.0,83.0,115.0,140.0,82.0,182.0,57.0,3
86.0,94.0,128.0,163.0,27.0,74.0,239.0,138.0,90.0,178.0,17.0,32.0,65.0,219.0,162.0,181.0,20.0,42.0,236.0,78.0,252.0,66.0,116.0,200.0,248.0,244.0,224.0,143.0,117.0,193.0,181.0,194.0,125.0,64.0,157.0,233.0,155.0,194.0,139.0,82.0,19.0,190.0,31.0,225.0,87.0,1.0,193.0,136.0,195.0,7
249.0,219.0,252.0,193.0,78.0,4.0,163.0,229.0,156.0,30.0,129.0,130.0,122.0,85.0,163.0,203.0,180.0,247.0,171.0,126.0,201.0,250.0,30.0,102.0,175.0,41.0,180.0,66.0,149.0,18.0,247.0,85.0,165.0,122.0,120.0,109.0,60.0,152.0,175.0,113.0,37.0,158.0,56.0,189.0,189.0,186.0,128.0,153.0,26.0,2
74.0,39.0,69.0,152.0,122.0,97.0,64.0,21.0,58.0,34.0,54.0,238.0,75.0,61.0,192.0,149.0,168.0,43.0,98.0,107.0,142.0,30.0,133.0,133.0,69.0,147.0,214.0,206.0,244.0,67.0,47.0,5.0,9.0,174.0,69.0,165.0,28.0,160.0,143.0,153.0,193.0,219.0,166.0,109.0,180.0,60.0,71.0,2.0,135.0,6
140.0,249.0,50.0,143.0,143.0,233.0,52.0,101.0,88.0,134.0,85.0,102.0,205.0,109.0,211.0,105.0,172.0,226.0,166.0,215.0,159.0,207.0,56.0,64.0,163.0,45.0,28.0,67.0,234.0,56.0,229.0,240.0,113.0,81.0,33.0,39.0,28.0,205.0,152.0,54.0,41.0,19.0,56.0,173.0,75.0,235.0,108.0,222.0,154.0,5
185.0,133.0,129.0,188.0,230.0,90.0,8.0,112.0,142.0,132.0,120.0,36.0,137.0,177.0,24.0,146.0,65.0,22.0,75.0,169.0,241.0,53.0,70.0,98.0,120.0,95.0,98.0,0.0,234.0,21.0,218.0,76.0,100.0,134.0,135.0,0.0,156.0,156.0,94.0,101.0,70.0,132.0,39.0,62.0,145.0,155.0,130.0,177.0,24.0,3
72.0,128.0,80.0,159.0,172.0,152.0,47.0,206.0,60.0,163.0,83.0,17.0,151.0,236.0,214.0,168.0,196.0,6.0,218.0,65.0,165.0,146.0,45.0,24.0,116.0,235.0,206.0,176.0,240.0,128.0,177.0,109.0,250.0,47.0,144.0,121.0,50.0,157.0,9.0,10.0,54.0,158.0,177.0,190.0,218.0,206.0,129.0,119.0,131.0,8
77.0,25.0,49.0,94.0,193.0,44.0,33.0,229.0,226.0,93.0,219.0,248.0,228.0,34.0,51.0,219.0,14.0,244.0,242.0,178.0,25.0,237.0,167.0,103.0,151.0,1.0,55.0,75.0,126.0,126.0,221.0,92.0,179.0,21.0,92.0,103.0,188.0,7.0,193.0,118.0,92.0,211.0,89.0,72.0,118.0,8.0,111.0,6.0,91.0,8
27.0,159.0,127.0,61.0,146.0,3.0,250.0,42.0,222.0,62.0,10.0,237.0,11.0,38.0,63.0,205.0,121.0,211.0,211.0,189.0,164.0,241.0,48.0,76.0,17.0,107.0,211.0,69.0,131.0,229.0,59.0,88.0,211.0,155.0,45.0,104.0,149.0,59.0,223.0,178.0,209.0,36.0,66.0,113.0,109.0,219.0,19.0,128.0,202.0,4
124.0,162.0,138.0,252.0,22.0,241.0,186.0,80.0,98.0,102.0,78.0,204.0,77.0,17.0,2.0,47.0,59.0,178.0,242.0,138.0,114.0,162.0,28.0,55.0,162.0,109.0,156.0,161.0,223.0,251.0,20.0,89.0,173.0,125.0,204.0,207.0,194.0,222.0,249.0,70.0,49.0,229.0,121.0,207.0,253.0,32.0,150.0,229.0,25.0,8
127.0,228.0,181.0,195.0,54.0,109.0,6.0,244.0,244.0,183.0,79.0,127.0,198.0,200.0,222.0,250.0,52.0,83.0,225.0,211.0,253.0,199.0,105.0,40.0,65.0,179.0,84.0,222.0,46.0,249.0,216.0,69.0,242.0,16.0,25.0,154.0,18.0,233.0,60.0,72.0,89.0,138.0,54.0,210.0,42.0,247.0,45.0,241.0,124.0,0
226.0,250.0,120.0,49.0,70.0,202.0,81.0,198.0,187.0,201.0,226.0,248.0,193.0,206.0,34.0,207.0,50.0,2.0,201.0,35.0,93.0,26.0,149.0,92.0,226.0,154.0,248.0,14.0,253.0,12.0,202.0,64.0,180.0,180.0,247.0,253.0,71.0,148.0,133.0,59.0,80.0,203.0,141.0,160.0,27.0,32.0,112.0,152.0,230.0,2
134.0,37.0,246.0,224.0,235.0,191.0,139.0,157.0,162.0,22.0,220.0,234.0,64.0,241.0,173.0,132.0,169.0,172.0,36.0,8.0,205.0,95.0,41.0,187.0,161.0,237.0,200.0,246.0,4.0,206.0,249.0,1.0,67.0,99.0,81.0,102.0,33.0,23.0,214.0,171.0,123.0,80.0,204.0,246.0,130.0,33.0,79.0,31.0,234.0,2
191.0,219.0,25.0,162.0,130.0,187.0,203.0,174.0,224.0,213.0,88.0,16.0,167.0,9.0,174.0,85.0,118.0,215.0,80.0,159.0,93.0,21.0,133.0,4.0,190.0,35.0,208.0,239.0,172.0,4.0,172.0,174.0,214.0,252.0,4.0,164.0,115.0,214.0,173.0,33.0,225.0,85.0,134.0,237.0,115.0,24.0,19.0,179.0,200.0,4
228.0,237.0,69.0,36.0,87.0,52.0,93.0,127.0,146.0,30.0,151.0,103.0,68.0,80.0,202.0,31.0,231.0,27.0,154.0,92.0,153.0,81.0,237.0,43.0,94.0,117.0,244.0,97.0,228.0,177.0,120.0,29.0,172.0,174.0,242.0,207.0,210.0,84.0,181.0,9.0,26.0,227.0,190.0,85.0,98.0,117.0,127.0,186.0,138.0,3
67.0,171.0,155.0,132.0,87.0,12.0,237.0,228.0,165.0,160.0,158.0,222.0,14.0,194.0,219.0,62.0,94.0,235.0,53.0,64.0,207.0,27.0,236.0,53.0,202.0,129.0,245.0,71.0,138.0,186.0,84.0,239.0,240.0,160.0,98.0,229.0,111.0,172.0,206.0,143.0,104.0,138.0,29.0,46.0,26.0,114.0,194.0,246.0,44.0,4
10.0,174.0,52.0,232.0,37.0,130.0,170.0,5.0,228.0,251.0,151.0,251.0,40.0,181.0,151.0,43.0,145.0,235.0,87.0,135.0,109.0,113.0,9.0,138.0,4.0,63.0,242.0,17.0,216.0,221.0,82.0,15.0,183.0,151.0,115.0,221.0,209.0,114.0,37.0,3.0,103.0,237.0,231.0,117.0,158.0,136.0,117.0,69.0,233.0,1
137.0,182.0,16.0,177.0,137.0,60.0,43.0,63.0,40.0,198.0,6.0,137.0,181.0,199.0,16.0,36.0,79.0,66.0,88.0,210.0,30.0,209.0,207.0,139.0,252.0,138.0,253.0,10.0,118.0,82.0,214.0,183.0,104.0,31.0,160.0,210.0,190.0,193.0,3.0,222.0,238.0,201.0,208.0,225.0,168.0,81.0,176.0,247.0,183.0,6
28.0,141.0,190.0,134.0,111.0,86.0,175.0,10.0,241.0,223.0,222.0,151.0,38.0,43.0,236.0,167.0,72.0,106.0,184.0,233.0,92.0,9.0,92.0,184.0,124.0,225.0,76.0,2.0,2.0,122.0,95.0,65.0,39.0,234.0,39.0,112.0,203.0,58.0,227.0,64.0,12.0,185.0,127.0,201.0,200.0,17.0,145.0,171.0,104.0,4
249.0,128.0,25.0,143.0,193.0,241.0,82.0,38.0,227.0,4.0,112.0,158.0,56.0,23.0,224.0,224.0,47.0,142.0,248.0,178.0,70.0,243.0,151.0,152.0,15.0,50.0,137.0,53.0,79.0,140.0,120.0,248.0,102.0,216.0,37.0,82.0,202.0,176.0,106.0,190.0,38.0,67.0,225.0,84.0,156.0,60.0,134.0,54.0,79.0,7
75.0,81.0,34.0,120.0,63.0,119.0,54.0,175.0,231.0,143.0,19.0,14.0,42.0,213.0,171.0,208.0,235.0,22.0,215.0,143.0,18.0,85.0,106.0,110.0,173.0,197.0,202.0,251.0,235.0,187.0,77.0,173.0,84.0,139.0,212.0,129.0,149.0,130.0,136.0,85.0,103.0,76.0,35.0,94.0,92.0,7.0,15.0,15.0,15.0,5
69.0,99.0,115.0,162.0,200.0,230.0,88.0,247.0,0.0,14.0,139.0,81.0,228.0,131.0,158.0,151.0,143.0,22.0,183.0,74.0,151.0,92.0,223.0,69.0,6.0,86.0,19.0,165.0,162.0,179.0,41.0,170.0,68.0,170.0,180.0,98.0,209.0,216.0,156.0,200.0,208.0,133.0,17.0,88.0,59.0,9.0,100.0,218.0,208.0,3
54.0,6.0,193.0,146.0,195.0,139.0,128.0,107.0,91.0,162.0,225.0,17.0,104.0,63.0,27.0,130.0,145.0,104.0,46.0,125.0,101.0,222.0,185.0,227.0,25.0,193.0,240.0,91.0,42.0,43.0,17.0,41.0,30.0,62.0,124.0,248.0,216.0,7.0,128.0,246.0,65.0,145.0,138.0,123.0,120.0,145.0,25.0,29.0,70.0,2
44.0,7.0,216.0,171.0,210.0,58.0,82.0,249.0,241.0,35.0,64.0,23.0,134.0,60.0,117.0,197.0,120.0,64.0,201.0,122.0,250.0,161.0,163.0,34.0,187.0,192.0,247.0,245.0,218.0,56.0,52.0,5.0,48.0,6.0,205.0,62.0,30.0,242.0,132.0,193.0,203.0,42.0,173.0,142.0,11.0,10.0,178.0,31.0,230.0,0
4.0,133.0,91.0,49.0,205.0,134.0,203.0,229.0,195.0,53.0,65.0,241.0,182.0,127.0,60.0,7.0,110.0,32.0,156.0,199.0,177.0,87.0,110.0,36.0,112.0,20.0,182.0,138.0,75.0,70.0,61.0,83.0,181.0,99.0,39.0,146.0,164.0,169.0,195.0,66.0,102.0,21.0,97.0,23.0,9.0,232.0,75.0,123.0,102.0,3
77.0,181.0,220.0,177.0,5.0,89.0,36.0,218.0,65.0,235.0,171.0,58.0,9.0,14.0,189.0,122.0,146.0,20.0,17.0,0.0,46.0,39.0,73.0,0.0,48.0,15.0,191.0,33.0,0.0,0.0,80.0,141.0,19.0,64.0,66.0,54.0,95.0,206.0,132.0,44.0,19.0,207.0,45.0,7.0,184.0,90.0,88.0,251.0,54.0,1
77.0,54.0,212.0,51.0,133.0,166.0,97.0,83.0,153.0,80.0,38.0,112.0,172.0,118.0,222.0,140.0,104.0,154.0,174.0,47.0,139.0,180.0,161.0,113.0,126.0,169.0,154.0,236.0,118.0,10.0,96.0,230.0,107.0,231.0,136.0,173.0,58.0,129.0,107.0,86.0,18.0,154.0,18.0,227.0,133.0,165.0,209.0,16.0,168.0,0
68.0,127.0,60.0,229.0,230.0,118.0,232.0,166.0,49.0,33.0,70.0,3.0,135.0,228.0,139.0,165.0,144.0,78.0,110.0,92.0,217.0,122.0,3.0,230.0,58.0,116.0,74.0,38.0,42.0,36.0,74.0,135.0,70.0,129.0,104.0,245.0,26.0,146.0,47.0,156.0,9.0,223.0,175.0,54.0,229.0,169.0,117.0,60.0,158.0,7
43.0,125.0,226.0,193.0,5.0,104.0,181.0,88.0,108.0,201.0,165.0,165.0,195.0,84.0,200.0,18.0,252.0,87.0,204.0,46.0,238.0,84.0,225.0,39.0,223.0,172.0,198.0,211.0,195.0,115.0,75.0,37.0,122.0,2.0,40.0,56.0,243.0,238.0,97.0,30.0,12.0,242.0,214.0,72.0,63.0,44.0,177.0,72.0,191.0,1
54.0,163.0,52.0,167.0,169.0,79.0,5.0,104.0,89.0,1.0,121.0,147.0,103.0,233.0,47.0,161.0,1.0,178.0,72.0,243.0,159.0,241.0,211.0,240.0,12.0,239.0,71.0,181.0,193.0,188.0,196.0,33.0,77.0,189.0,183.0,50.0,175.0,151.0,56.0,175.0,73.0,87.0,165.0,154.0,135.0,1.0,138.0,3.0,92.0,5
176.0,93.0,5.0,22.0,174.0,159.0,10.0,113.0,38.0,158.0,40.0,57.0,251.0,0.0,75.0,88.0,150.0,215.0,200.0,131.0,144.0,25.0,68.0,86.0,133.0,118.0,5.0,189.0,209.0,165.0,205.0,160.0,212.0,216.0,75.0,69.0,89.0,97.0,80.0,19.0,234.0,158.0,203.0,16.0,58.0,156.0,42.0,114.0,192.0,8
3.0,192.0,71.0,129.0,97.0,140.0,186.0,84.0,233.0,157.0,64.0,34.0,11.0,174.0,218.0,82.0,75.0,145.0,51.0,172.0,26.0,196.0,156.0,126.0,118.0,238.0,36.0,136.0,69.0,238.0,20.0,130.0,171.0,239.0,152.0,112.0,163.0,22.0,192.0,184.0,92.0,181.0,33.0,177.0,152.0,209.0,76.0,82.0,64.0,0
182.0,104.0,130.0,202.0,73.0,141.0,183.0,243.0,182.0,176.0,152.0,191.0,220.0,191.0,169.0,182.0,166.0,172.0,23.0,48.0,227.0,104.0,62.0,117.0,43.0,58.0,209.0,24.0,98.0,229.0,26.0,137.0,76.0,154.0,157.0,166.0,169.0,240.0,180.0,158.0,156.0,131.0,100.0,85.0,224.0,240.0,250.0,64.0,5.0,6
219.0,71.0,178.0,158.0,227.0,185.0,132.0,211.0,205.0,239.0,233.0,64.0,11.0,13.0,67.0,167.0,183.0,12.0,6.0,126.0,120.0,151.0,90.0,7.0,206.0,198.0,4.0,156.0,195.0,252.0,249.0,24.0,19.0,74.0,146.0,219.0,66.0,44.0,237.0,233.0,75.0,16.0,62.0,156.0,216.0,110.0,46.0,238.0,75.0,8
248.0,101.0,188.0,122.0,33.0,23.0,127.0,9.0,144.0,229.0,67.0,204.0,226.0,38.0,109.0,224.0,64.0,150.0,209.0,42.0,22.0,33.0,103.0,79.0,237.0,201.0,90.0,43.0,32.0,148.0,124.0,108.0,81.0,220.0,64.0,215.0,166.0,110.0,95.0,77.0,135.0,14.0,106.0,52.0,49.0,43.0,91.0,25.0,99.0,4
237.0,43.0,54.0,164.0,28.0,176.0,124.0,129.0,109.0,18.0,198.0,190.0,247.0,71.0,149.0,196.0,99.0,67.0,171.0,76.0,13.0,20.0,182.0,43.0,39.0,112.0,61.0,104.0,72.0,193.0,189.0,249.0,63.0,250.0,57.0,95.0,241.0,191.0,75.0,166.0,191.0,3.0,154.0,33.0,55.0,139.0,91.0,186.0,126.0,3
59.0,110.0,12.0,6.0,18.0,203.0,37.0,48.0,130.0,238.0,246.0,192.0,184.0,160.0,18.0,107.0,245.0,50.0,137.0,132.0,145.0,202.0,186.0,205.0,185.0,89.0,56.0,152.0,156.0,15.0,223.0,53.0,236.0,192.0,225.0,186.0,34.0,170.0,236.0,33.0,128.0,107.0,251.0,218.0,185.0,217.0,165.0,26.0,154.0,0
237.0,218.0,171.0,151.0,245.0,15.0,239.0,12.0,17.0,86.0,148.0,132.0,36.0,7.0,233.0,104.0,237.0,93.0,205.0,219.0,52.0,207.0,60.0,156.0,149.0,211.0,96.0,39.0,130.0,132.0,36.0,174.0,145.0,237.0,0.0,168.0,115.0,100.0,38.0,119.0,11.0,134.0,225.0,86.0,115.0,45.0,105.0,177.0,236.0,6
97.0,108.0,115.0,211.0,96.0,17.0,61.0,90.0,32.0,84.0,92.0,195.0,184.0,150.0,202.0,157.0,196.0,162.0,65.0,111.0,233.0,133.0,132.0,130.0,252.0,27.0,164.0,135.0,23.0,42.0,112.0,109.0,202.0,87.0,41.0,59.0,223.0,98.0,47.0,182.0,18.0,248.0,190.0,155.0,43.0,61.0,171.0,176.0,129.0,5
170.0,11.0,244.0,57.0,164.0,5.0,106.0,221.0,106.0,175.0,239.0,167.0,171.0,185.0,53.0,105.0,150.0,214.0,166.0,206.0,52.0,58.0,42.0,150.0,126.0,109.0,61.0,127.0,246.0,139.0,45.0,25.0,156.0,64.0,47.0,24.0,143.0,174.0,251.0,166.0,39.0,139.0,45.0,219.0,7.0,148.0,8.0,168.0,108.0,1
81.0,22.0,32.0,71.0,237.0,173.0,2.0,29.0,14.0,128.0,10.0,15.0,27.0,88.0,170.0,230.0,48.0,10.0,190.0,178.0,59.0,26.0,61.0,181.0,56.0,101.0,232.0,9.0,74.0,154.0,238.0,82.0,147.0,83.0,80.0,169.0,237.0,151.0,233.0,150.0,110.0,97.0,205.0,13.0,71.0,114.0,52.0,59.0,251.0,7
213.0,172.0,73.0,143.0,25.0,81.0,91.0,127.0,76.0,252.0,158.0,90.0,74.0,232.0,169.0,57.0,228.0,44.0,64.0,204.0,28.0,48.0,68.0,165.0,166.0,208.0,211.0,216.0,62.0,167.0,3.0,172.0,115.0,7.0,10.0,104.0,70.0,132.0,138.0,78.0,69.0,162.0,46.0,162.0,182.0,131.0,237.0,24.0,164.0,4
68.0,134.0,112.0,176.0,14.0,55.0,161.0,129.0,122.0,173.0,176.0,139.0,92.0,224.0,19.0,203.0,76.0,160.0,49.0,117.0,32.0,187.0,57.0,177.0,151.0,8.0,224.0,178.0,221.0,206.0,179.0,160.0,12.0,189.0,92.0,50.0,59.0,62.0,42.0,122.0,160.0,235.0,160.0,212.0,106.0,179.0,24.0,40.0,221.0,0
241.0,213.0,86.0,116.0,99.0,109.0,84.0,129.0,161.0,176.0,135.0,24.0,67.0,241.0,251.0,216.0,20.0,232.0,162.0,50.0,28.0,16.0,235.0,97.0,47.0,96.0,223.0,166.0,146.0,24.0,117.0,96.0,171.0,19.0,123.0,103.0,100.0,241.0,236.0,236.0,183.0,48.0,42.0,3.0,220.0,97.0,51.0,1.0,60.0,4
63.0,130.0,125.0,197.0,97.0,216.0,117.0,148.0,64.0,242.0,205.0,218.0,191.0,164.0,105.0,35.0,191.0,169.0,47.0,2.0,108.0,73.0,243.0,229.0,108.0,4.0,50.0,70.0,221.0,79.0,90.0,128.0,126.0,183.0,191.0,18.0,179.0,225.0,202.0,46.0,63.0,121.0,165.0,91.0,7.0,139.0,61.0,141.0,217.0,5
180.0,177.0,107.0,24.0,51.0,26.0,19.0,44.0,133.0,101.0,110.0,58.0,148.0,43.0,242.0,28.0,201.0,245.0,72.0,198.0,14.0,209.0,150.0,19.0,191.0,33.0,65.0,232.0,234.0,83.0,248.0,194.0,156.0,193.0,200.0,24.0,109.0,125.0,196.0,139.0,112.0,49.0,109.0,89.0,245.0,46.0,234.0,122.0,35.0,0
204.0,130.0,207.0,90.0,137.0,103.0,52.0,253.0,235.0,24.0,101.0,67.0,108.0,64.0,18.0,113.0,179.0,162.0,14.0,222.0,245.0,111.0,27.0,94.0,189.0,205.0,118.0,118.0,181.0,92.0,175.0,54.0,155.0,112.0,71.0,242.0,183.0,235.0,127.0,133.0,171.0,15.0,3.0,177.0,181.0,148.0,209.0,123.0,149.0,0
127.0,73.0,33.0,77.0,200.0,234.0,132.0,50.0,202.0,69.0,88.0,151.0,15.0,11.0,30.0,52.0,223.0,171.0,219.0,155.0,36.0,84.0,19.0,32.0,70.0,199.0,239.0,224.0,6.0,222.0,35.0,55.0,14.0,15.0,73.0,217.0,91.0,157.0,55.0,38.0,136.0,224.0,29.0,129.0,193.0,83.0,243.0,251.0,75.0,2
235.0,126.0,233.0,161.0,85.0,148.0,35.0,63.0,45.0,198.0,204.0,216.0,71.0,97.0,94.0,81.0,1.0,197.0,146.0,252.0,97.0,54.0,195.0,48.0,138.0,42.0,58.0,38.0,141.0,177.0,9.0,72.0,100.0,143.0,2.0,149.0,19.0,184.0,82.0,150.0,34.0,50.0,105.0,112.0,117.0,103.0,175.0,187.0,70.0,2
114.0,97.0,197.0,60.0,196.0,37.0,72.0,174.0,94.0,215.0,51.0,141.0,0.0,253.0,204.0,150.0,44.0,140.0,203.0,174.0,231.0,77.0,179.0,134.0,136.0,93.0,168.0,47.0,57.0,33.0,228.0,216.0,98.0,175.0,114.0,166.0,14.0,157.0,235.0,83.0,177.0,47.0,194.0,1.0,174.0,127.0,208.0,145.0,166.0,4
22.0,190.0,246.0,22.0,149.0,159.0,95.0,167.0,224.0,23.0,238.0,89.0,67.0,157.0,78.0,165.0,237.0,40.0,21.0,191.0,55.0,225.0,86.0,201.0,70.0,141.0,237.0,62.0,171.0,94.0,37.0,50.0,216.0,181.0,39.0,86.0,3.0,172.0,116.0,187.0,54.0,105.0,11.0,11.0,204.0,249.0,164.0,62.0,140.0,5
65.0,83.0,22.0,88.0,207.0,224.0,179.0,78.0,149.0,48.0,13.0,124.0,83.0,45.0,245.0,4.0,171.0,124.0,203.0,129.0,8.0,30.0,114.0,72.0,144.0,77.0,125.0,21.0,178.0,176.0,31.0,50.0,235.0,19.0,4.0,156.0,18.0,40.0,111.0,112.0,132.0,55.0,250.0,33.0,109.0,126.0,63.0,192.0,160.0,5
179.0,175.0,244.0,110.0,25.0,191.0,189.0,175.0,80.0,152.0,90.0,78.0,3.0,134.0,12.0,104.0,233.0,14.0,71.0,41.0,20.0,20.0,149.0,131.0,147.0,249.0,174.0,212.0,2.0,251.0,240.0,219.0,108.0,50.0,221.0,193.0,94.0,56.0,185.0,212.0,122.0,219.0,217.0,156.0,216.0,251.0,61.0,89.0,153.0,7
115.0,182.0,32.0,76.0,69.0,7.0,46.0,13.0,8.0,90.0,128.0,216.0,199.0,107.0,89.0,37.0,87.0,245.0,234.0,218.0,99.0,226.0,69.0,169.0,177.0,117.0,137.0,107.0,134.0,225.0,243.0,62.0,37.0,170.0,98.0,44.0,108.0,29.0,137.0,223.0,58.0,170.0,2.0,171.0,143.0,245.0,57.0,67.0,97.0,1
58.0,40.0,66.0,62.0,73.0,154.0,179.0,77.0,50.0,241.0,94.0,195.0,21.0,235.0,78.0,88.0,43.0,210.0,49.0,226.0,221.0,42.0,176.0,1.0,150.0,199.0,137.0,203.0,106.0,98.0,27.0,160.0,89.0,8.0,49.0,189.0,33.0,214.0,189.0,137.0,216.0,139.0,89.0,226.0,231.0,205.0,164.0,171.0,185.0,0
181.0,67.0,1.0,113.0,205.0,96.0,44.0,18.0,236.0,50.0,249.0,191.0,133.0,235.0,200.0,28.0,27.0,79.0,246.0,26.0,77.0,46.0,202.0,10.0,27.0,13.0,218.0,155.0,230.0,210.0,172.0,62.0,59.0,127.0,238.0,215.0,167.0,240.0,63.0,20.0,107.0,136.0,67.0,207.0,164.0,166.0,136.0,32.0,109.0,5
212.0,227.0,194.0,212.0,174.0,69.0,183.0,12.0,186.0,156.0,20.0,45.0,227.0,106.0,25.0,89.0,205.0,231.0,220.0,185.0,124.0,41.0,27.0,100.0,42.0,175.0,60.0,148.0,163.0,77.0,233.0,40.0,66.0,205.0,128.0,231.0,186.0,158.0,169.0,50.0,76.0,122.0,150.0,149.0,83.0,86.0,163.0,192.0,111.0,8
143.0,166.0,177.0,60.0,104.0,224.0,3.0,68.0,234.0,138.0,120.0,164.0,88.0,211.0,134.0,17.0,237.0,170.0,197.0,103.0,137.0,146.0,155.0,16.0,191.0,145.0,55.0,195.0,184.0,56.0,132.0,75.0,104.0,187.0,73.0,130.0,97.0,91.0,13.0,136.0,234.0,197.0,4.0,210.0,184.0,47.0,200.0,55.0,154.0,1
182.0,72.0,34.0,220.0,153.0,239.0,121.0,58.0,205.0,251.0,202.0,117.0,136.0,236.0,38.0,62.0,66.0,219.0,73.0,125.0,36.0,37.0,149.0,166.0,63.0,49.0,10.0,69.0,64.0,41.0,126.0,229.0,19.0,186.0,142.0,70.0,39.0,245.0,71.0,61.0,180.0,253.0,94.0,202.0,192.0,225.0,162.0,181.0,158.0,1
37.0,252.0,69.0,1.0,218.0,244.0,221.0,185.0,207.0,128.0,140.0,160.0,232.0,13.0,181.0,184.0,249.0,189.0,252.0,149.0,17.0,20.0,59.0,89.0,65.0,239.0,145.0,4.0,48.0,194.0,209.0,21.0,111.0,203.0,63.0,203.0,59.0,160.0,198.0,79.0,76.0,217.0,165.0,6.0,216.0,171.0,182.0,126.0,8.0,0
100.0,227.0,203.0,235.0,74.0,10.0,86.0,178.0,94.0,38.0,142.0,197.0,21.0,98.0,85.0,164.0,120.0,158.0,190.0,69.0,35.0,61.0,9.0,238.0,89.0,160.0,216.0,196.0,160.0,249.0,114.0,26.0,160.0,53.0,75.0,168.0,11.0,109.0,84.0,42.0,173.0,105.0,102.0,22.0,123.0,189.0,226.0,185.0,120.0,5
205.0,78.0,116.0,107.0,92.0,61.0,9.0,37.0,140.0,80.0,43.0,17.0,231.0,227.0,150.0,173.0,108.0,116.0,83.0,186.0,181.0,75.0,99.0,167.0,67.0,209.0,217.0,87.0,33.0,158.0,147.0,217.0,95.0,102.0,164.0,83.0,58.0,4.0,83.0,41.0,215.0,79.0,215.0,5.0,167.0,252.0,44.0,54.0,247.0,6
118.0,76.0,87.0,164.0,6.0,152.0,217.0,43.0,219.0,28.0,157.0,152.0,38.0,109.0,219.0,97.0,212.0,103.0,16.0,124.0,221.0,111.0,38.0,106.0,172.0,147.0,96.0,123.0,248.0,115.0,253.0,89.0,189.0,232.0,34.0,95.0,9.0,192.0,54.0,42.0,58.0,138.0,195.0,89.0,168.0,222.0,135.0,249.0,113.0,5
14.0,249.0,5.0,134.0,131.0,252.0,20.0,10.0,205.0,74.0,103.0,214.0,73.0,8.0,30.0,164.0,185.0,217.0,6.0,106.0,76.0,251.0,253.0,168.0,153.0,171.0,205.0,108.0,103.0,173.0,178.0,21.0,35.0,82.0,139.0,124.0,157.0,137.0,215.0,113.0,186.0,144.0,109.0,28.0,233.0,92.0,243.0,106.0,86.0,4
11.0,75.0,9.0,204.0,112.0,232.0,58.0,37.0,155.0,197.0,203.0,122.0,201.0,169.0,202.0,163.0,210.0,83.0,144.0,240.0,115.0,195.0,241.0,225.0,131.0,242.0,72.0,114.0,134.0,222.0,150.0,205.0,171.0,211.0,4.0,1.0,21.0,140.0,135.0,172.0,68.0,212.0,103.0,180.0,45.0,163.0,29.0,156.0,241.0,8
111.0,106.0,177.0,144.0,242.0,178.0,123.0,47.0,216.0,160.0,63.0,167.0,151.0,246.0,118.0,228.0,191.0,56.0,121.0,193.0,147.0,34.0,244.0,172.0,189.0,95.0,136.0,153.0,189.0,33.0,250.0,223.0,67.0,60.0,136.0,141.0,75.0,252.0,35.0,230.0,172.0,202.0,43.0,21.0,130.0,222.0,2.0,115.0,170.0,8
82.0,3.0,236.0,6.0,35.0,94.0,58.0,241.0,207.0,34.0,175.0,36.0,134.0,12.0,49.0,55.0,66.0,188.0,139.0,132.0,42.0,177.0,198.0,62.0,201.0,30.0,115.0,250.0,153.0,84.0,65.0,184.0,150.0,81.0,238.0,28.0,99.0,78.0,145.0,113.0,28.0,188.0,241.0,76.0,143.0,178.0,127.0,114.0,69.0,8
59.0,221.0,155.0,251.0,52.0,48.0,140.0,79.0,206.0,179.0,147.0,114.0,194.0,28.0,216.0,6.0,85.0,229.0,63.0,218.0,63.0,243.0,241.0,55.0,208.0,186.0,105.0,60.0,226.0,221.0,153.0,83.0,189.0,167.0,109.0,37.0,235.0,33.0,161.0,142.0,4.0,229.0,147.0,112.0,151.0,50.0,249.0,42.0,198.0,5
26.0,2.0,82.0,132.0,196.0,171.0,149.0,213.0,185.0,5.0,43.0,157.0,80.0,0.0,102.0,53.0,145.0,19.0,209.0,35.0,243.0,80.0,51.0,143.0,236.0,71.0,149.0,85.0,127.0,60.0,133.0,246.0,217.0,236.0,38.0,244.0,144.0,17.0,244.0,28.0,109.0,216.0,187.0,11.0,224.0,178.0,3.0,118.0,32.0,6
187.0,37.0,121.0,178.0,94.0,136.0,112.0,103.0,139.0,20.0,242.0,132.0,26.0,236.0,3.0,32.0,205.0,200.0,227.0,110.0,42.0,165.0,11.0,126.0,76.0,86.0,131.0,47.0,77.0,76.0,13.0,166.0,84.0,146.0,142.0,33.0,67.0,132.0,197.0,53.0,67.0,5.0,2.0,169.0,11.0,16.0,22.0,173.0,245.0,4
14.0,160.0,252.0,152.0,151.0,107.0,198.0,39.0,167.0,222.0,45.0,10.0,171.0,37.0,14.0,130.0,181.0,190.0,215.0,36.0,21.0,92.0,103.0,91.0,169.0,56.0,211.0,28.0,68.0,209.0,100.0,164.0,211.0,165.0,29.0,20.0,82.0,6.0,64.0,251.0,165.0,246.0,99.0,233.0,90.0,56.0,184.0,148.0,195.0,6
241.0,202.0,167.0,122.0,92.0,13.0,78.0,37.0,185.0,149.0,180.0,29.0,242.0,137.0,225.0,105.0,130.0,190.0,51.0,16.0,133.0,157.0,164.0,2.0,197.0,205.0,157.0,16.0,19.0,92.0,21.0,131.0,150.0,190.0,220.0,140.0,60.0,64.0,15.0,92.0,199.0,221.0,30.0,108.0,149.0,114.0,157.0,72.0,99.0,5
251.0,141.0,36.0,111.0,190.0,20.0,18.0,186.0,205.0,62.0,193.0,122.0,56.0,238.0,104.0,109.0,47.0,81.0,36.0,62.0,128.0,9.0,93.0,152.0,88.0,38.0,14.0,117.0,4.0,21.0,96.0,193.0,78.0,146.0,46.0,37.0,58.0,85.0,193.0,246.0,185.0,137.0,135.0,242.0,196.0,66.0,196.0,117.0,95.0,5
189.0,157.0,192.0,236.0,239.0,43.0,45.0,233.0,23.0,2.0,164.0,15.0,239.0,77.0,164.0,95.0,174.0,191.0,27.0,238.0,38.0,131.0,76.0,144.0,128.0,231.0,78.0,25.0,196.0,239.0,107.0,81.0,24.0,75.0,245.0,225.0,153.0,245.0,127.0,244.0,113.0,207.0,53.0,161.0,46.0,146.0,115.0,88.0,169.0,0
19.0,32.0,50.0,164.0,220.0,183.0,169.0,106.0,235.0,100.0,103.0,148.0,188.0,158.0,59.0,158.0,111.0,175.0,106.0,114.0,76.0,35.0,201.0,4.0,239.0,59.0,170.0,37.0,100.0,54.0,122.0,133.0,253.0,247.0,243.0,225.0,33.0,17.0,88.0,156.0,24.0,156.0,85.0,241.0,163.0,220.0,241.0,46.0,136.0,4
190.0,159.0,163.0,71.0,23.0,183.0,16.0,228.0,21.0,249.0,128.0,125.0,162.0,8.0,67.0,30.0,63.0,211.0,117.0,12.0,30.0,175.0,79.0,152.0,36.0,236.0,104.0,218.0,105.0,217.0,18.0,197.0,50.0,146.0,165.0,49.0,82.0,253.0,251.0,171.0,2.0,101.0,77.0,83.0,248.0,44.0,219.0,0.0,189.0,8
4.0,44.0,83.0,170.0,216.0,207.0,61.0,233.0,211.0,49.0,105.0,94.0,118.0,8.0,102.0,58.0,246.0,3.0,116.0,214.0,204.0,169.0,220.0,123.0,253.0,161.0,187.0,53.0,31.0,39.0,4.0,224.0,17.0,142.0,245.0,6.0,44.0,105.0,113.0,94.0,89.0,156.0,185.0,143.0,42.0,154.0,239.0,158.0,131.0,6
61.0,74.0,69.0,155.0,60.0,226.0,92.0,35.0,154.0,73.0,236.0,233.0,193.0,58.0,178.0,89.0,9.0,2.0,70.0,214.0,37.0,119.0,168.0,69.0,96.0,201.0,121.0,210.0,17.0,199.0,76.0,94.0,37.0,238.0,88.0,10.0,75.0,186.0,97.0,109.0,127.0,220.0,24.0,96.0,165.0,248.0,81.0,162.0,191.0,6
102.0,21.0,251.0,46.0,88.0,45.0,240.0,60.0,43.0,45.0,200.0,234.0,29.0,154.0,183.0,153.0,45.0,114.0,68.0,2.0,209.0,97.0,199.0,86.0,15.0,17.0,27.0,43.0,98.0,223.0,123.0,2.0,102.0,74.0,175.0,21.0,213.0,96.0,211.0,94.0,95.0,205.0,113.0,162.0,181.0,24.0,122.0,11.0,224.0,2
110.0,96.0,148.0,139.0,126.0,13.0,97.0,16.0,46.0,32.0,2.0,202.0,98.0,31.0,159.0,244.0,164.0,234.0,87.0,88.0,141.0,88.0,49.0,124.0,131.0,99.0,197.0,188.0,133.0,97.0,200.0,84.0,127.0,65.0,53.0,8.0,116.0,39.0,168.0,55.0,210.0,87.0,213.0,253.0,2.0,20.0,105.0,71.0,94.0,3
244.0,7.0,87.0,228.0,171.0,89.0,145.0,192.0,211.0,126.0,71.0,141.0,127.0,214.0,10.0,225.0,19.0,154.0,112.0,8.0,58.0,198.0,241.0,240.0,194.0,80.0,102.0,123.0,72.0,17.0,34.0,224.0,198.0,164.0,218.0,51.0,190.0,71.0,231.0,210.0,37.0,118.0,115.0,116.0,112.0,71.0,100.0,222.0,240.0,3
238.0,161.0,81.0,136.0,9.0,102.0,201.0,151.0,102.0,169.0,82.0,110.0,141.0,250.0,73.0,74.0,37.0,107.0,93.0,28.0,201.0,77.0,16.0,171.0,187.0,34.0,92.0,122.0,48.0,168.0,193.0,177.0,85.0,198.0,183.0,241.0,15.0,106.0,152.0,228.0,199.0,165.0,133.0,113.0,131.0,69.0,235.0,55.0,104.0,1
78.0,26.0,102.0,149.0,184.0,224.0,190.0,58.0,19.0,111.0,30.0,8.0,209.0,54.0,90.0,181.0,170.0,209.0,141.0,247.0,150.0,155.0,55.0,196.0,51.0,27.0,194.0,111.0,212.0,69.0,209.0,97.0,229.0,90.0,154.0,171.0,196.0,158.0,26.0,141.0,40.0,186.0,65.0,234.0,24.0,213.0,56.0,93.0,28.0,1
147.0,206.0,31.0,170.0,10.0,17.0,202.0,104.0,180.0,247.0,228.0,200.0,180.0,85.0,91.0,210.0,210.0,120.0,167.0,107.0,159.0,42.0,50.0,38.0,174.0,30.0,148.0,252.0,182.0,77.0,226.0,8.0,188.0,218.0,202.0,56.0,96.0,146.0,3.0,232.0,253.0,48.0,74.0,105.0,140.0,244.0,19.0,158.0,60.0,5
116.0,190.0,213.0,229.0,168.0,79.0,76.0,45.0,10.0,174.0,12.0,107.0,157.0,20.0,17.0,68.0,61.0,127.0,96.0,54.0,95.0,212.0,94.0,47.0,225.0,65.0,128.0,113.0,176.0,33.0,72.0,143.0,4.0,240.0,193.0,193.0,102.0,118.0,18.0,141.0,50.0,66.0,48.0,94.0,166.0,230.0,68.0,8.0,131.0,8
200.0,155.0,124.0,171.0,195.0,153.0,133.0,86.0,155.0,249.0,105.0,52.0,103.0,204.0,240.0,39.0,207.0,219.0,168.0,5.0,84.0,160.0,213.0,106.0,151.0,83.0,55.0,24.0,141.0,214.0,103.0,148.0,180.0,176.0,7.0,177.0,82.0,53.0,52.0,27.0,100.0,6.0,50.0,7.0,111.0,203.0,13.0,22.0,68.0,0
188.0,132.0,147.0,65.0,122.0,104.0,48.0,47.0,21.0,244.0,110.0,215.0,253.0,196.0,226.0,115.0,161.0,170.0,128.0,223.0,231.0,242.0,46.0,141.0,252.0,21.0,111.0,146.0,121.0,221.0,226.0,206.0,63.0,80.0,246.0,52.0,137.0,236.0,124.0,152.0,224.0,223.0,42.0,241.0,200.0,98.0,246.0,71.0,87.0,2
142.0,46.0,60.0,219.0,103.0,54.0,206.0,126.0,96.0,179.0,62.0,216.0,79.0,185.0,201.0,157.0,161.0,44.0,219.0,104.0,161.0,219.0,247.0,22.0,137.0,42.0,101.0,54.0,88.0,15.0,193.0,66.0,14.0,78.0,186.0,143.0,210.0,195.0,105.0,191.0,28.0,109.0,154.0,160.0,61.0,92.0,223.0,138.0,42.0,4
135.0,98.0,195.0,97.0,186.0,0.0,9.0,58.0,237.0,80.0,174.0,17.0,150.0,28.0,56.0,246.0,165.0,155.0,36.0,66.0,59.0,79.0,231.0,153.0,182.0,186.0,201.0,29.0,239.0,221.0,60.0,148.0,236.0,246.0,112.0,113.0,49.0,249.0,117.0,170.0,76.0,160.0,8.0,191.0,208.0,38.0,192.0,178.0,252.0,0
15.0,84.0,45.0,218.0,170.0,111.0,162.0,52.0,71.0,42.0,132.0,110.0,182.0,153.0,129.0,2.0,182.0,119.0,69.0,220.0,86.0,72.0,58.0,172.0,115.0,26.0,204.0,116.0,241.0,89.0,120.0,241.0,175.0,80.0,49.0,53.0,80.0,59.0,118.0,253.0,169.0,44.0,117.0,222.0,14.0,228.0,253.0,202.0,178.0,7
203.0,227.0,234.0,223.0,78.0,97.0,59.0,153.0,175.0,165.0,175.0,85.0,96.0,73.0,175.0,177.0,165.0,83.0,123.0,125.0,5.0,225.0,240.0,135.0,108.0,49.0,6.0,192.0,109.0,211.0,229.0,120.0,29.0,108.0,119.0,88.0,70.0,58.0,59.0,203.0,28.0,140.0,145.0,47.0,1.0,246.0,81.0,108.0,161.0,5
197.0,195.0,81.0,97.0,124.0,154.0,62.0,207.0,69.0,183.0,236.0,248.0,41.0,32.0,249.0,220.0,217.0,230.0,119.0,99.0,34.0,185.0,248.0,172.0,170.0,239.0,229.0,244.0,44.0,46.0,15.0,7.0,110.0,173.0,170.0,118.0,174.0,114.0,99.0,42.0,92.0,137.0,4.0,159.0,58.0,75.0,116.0,78.0,21.0,1
